<?xml version="1.0" encoding="UTF-8"?>
<TaskList>
			
			<task>
				<id>4</id>
				<name>Testing new record 4</name>
				<description>Edit</description>
				<duedate>04-15-2009</duedate>
				<isComplete>false</isComplete>
			</task>
			
			<task>
				<id>6</id>
				<name>Testing again</name>
				<description>This is a test.</description>
				<duedate>04-29-2009</duedate>
				<isComplete>false</isComplete>
			</task>
			
			<task>
				<id>7</id>
				<name>tomorrow test</name>
				<description>this is another test</description>
				<duedate>04-16-2009</duedate>
				<isComplete>false</isComplete>
			</task>
			
			<task>
				<id>8</id>
				<name>Testing mixed content</name>
				<description>This should get marked complete after adding for tomorrow</description>
				<duedate>04-16-2009</duedate>
				<isComplete>true</isComplete>
			</task>
			
		</TaskList>
